id,textile_brand,review,sentiment
522,Reebok,Reebok needs to improve their quality control. Too many issues with my purchase.,Negative
738,Zara,I'm impressed with Zara. Their customer service is excellent!,Positive
741,Zara,I would not recommend Zara to anyone. Very dissatisfied with my experience.,Negative
661,H&M,I would not recommend H&M to anyone. Very dissatisfied with my experience.,Negative
412,Puma,I absolutely love Puma! Their products are always top-notch.,Positive
679,H&M,"I had high hopes for H&M, but I was let down by the poor quality.",Negative
627,H&M,Great quality products from H&M. Highly recommend!,Positive
514,Reebok,Great quality products from Reebok. Highly recommend!,Positive
860,Gap,I would not recommend Gap to anyone. Very dissatisfied with my experience.,Negative
137,Adidas,Great quality products from Adidas. Highly recommend!,Positive
812,Gap,Gap never disappoints. I'm always satisfied with my purchases.,Positive
77,Nike,I'm impressed with Nike. Their customer service is excellent!,Positive
637,H&M,I absolutely love H&M! Their products are always top-notch.,Positive
974,Tommy Hilfiger,Tommy Hilfiger never disappoints. I'm always satisfied with my purchases.,Positive
939,Tommy Hilfiger,I'm impressed with Tommy Hilfiger. Their customer service is excellent!,Positive
900,Gap,I absolutely love Gap! Their products are always top-notch.,Positive
281,Levi's,Levi's never disappoints. I'm always satisfied with my purchases.,Positive
884,Gap,"I had high hopes for Gap, but I was let down by the poor quality.",Negative
762,Zara,I absolutely love Zara! Their products are always top-notch.,Positive
320,Under Armour,Under Armour never disappoints. I'm always satisfied with my purchases.,Positive
550,Reebok,I would not recommend Reebok to anyone. Very dissatisfied with my experience.,Negative
175,Adidas,Very disappointed with Adidas. Their products didn't meet my expectations.,Negative
372,Under Armour,Under Armour never disappoints. I'm always satisfied with my purchases.,Positive
528,Reebok,I'm impressed with Reebok. Their customer service is excellent!,Positive
211,Levi's,Levi's needs to improve their quality control. Too many issues with my purchase.,Negative
236,Levi's,Very disappointed with Levi's. Their products didn't meet my expectations.,Negative
102,Adidas,I'm impressed with Adidas. Their customer service is excellent!,Positive
987,Tommy Hilfiger,I absolutely love Tommy Hilfiger! Their products are always top-notch.,Positive
903,Tommy Hilfiger,"I had high hopes for Tommy Hilfiger, but I was let down by the poor quality.",Negative
948,Tommy Hilfiger,I'm impressed with Tommy Hilfiger. Their customer service is excellent!,Positive
347,Under Armour,Very disappointed with Under Armour. Their products didn't meet my expectations.,Negative
140,Adidas,"I had high hopes for Adidas, but I was let down by the poor quality.",Negative
622,H&M,I'm impressed with H&M. Their customer service is excellent!,Positive
500,Puma,Puma never disappoints. I'm always satisfied with my purchases.,Positive
371,Under Armour,"I had high hopes for Under Armour, but I was let down by the poor quality.",Negative
199,Adidas,I'm impressed with Adidas. Their customer service is excellent!,Positive
688,H&M,I absolutely love H&M! Their products are always top-notch.,Positive
585,Reebok,Poor quality products from Reebok. I regret buying from them.,Negative
902,Tommy Hilfiger,Tommy Hilfiger never disappoints. I'm always satisfied with my purchases.,Positive
60,Nike,Poor quality products from Nike. I regret buying from them.,Negative
329,Under Armour,I absolutely love Under Armour! Their products are always top-notch.,Positive
97,Nike,Very disappointed with Nike. Their products didn't meet my expectations.,Negative
313,Under Armour,I'm impressed with Under Armour. Their customer service is excellent!,Positive
975,Tommy Hilfiger,Poor quality products from Tommy Hilfiger. I regret buying from them.,Negative
300,Levi's,Very disappointed with Levi's. Their products didn't meet my expectations.,Negative
278,Levi's,Great quality products from Levi's. Highly recommend!,Positive
925,Tommy Hilfiger,Poor quality products from Tommy Hilfiger. I regret buying from them.,Negative
602,H&M,"I had high hopes for H&M, but I was let down by the poor quality.",Negative
440,Puma,Great quality products from Puma. Highly recommend!,Positive
838,Gap,I absolutely love Gap! Their products are always top-notch.,Positive
571,Reebok,Very disappointed with Reebok. Their products didn't meet my expectations.,Negative
880,Gap,Gap needs to improve their quality control. Too many issues with my purchase.,Negative
262,Levi's,I'm impressed with Levi's. Their customer service is excellent!,Positive
579,Reebok,Reebok never disappoints. I'm always satisfied with my purchases.,Positive
24,Nike,Nike needs to improve their quality control. Too many issues with my purchase.,Negative
31,Nike,Great quality products from Nike. Highly recommend!,Positive
618,H&M,I would not recommend H&M to anyone. Very dissatisfied with my experience.,Negative
11,Nike,Very disappointed with Nike. Their products didn't meet my expectations.,Negative
222,Levi's,I absolutely love Levi's! Their products are always top-notch.,Positive
821,Gap,I absolutely love Gap! Their products are always top-notch.,Positive
297,Levi's,Great quality products from Levi's. Highly recommend!,Positive
55,Nike,Very disappointed with Nike. Their products didn't meet my expectations.,Negative
543,Reebok,I would not recommend Reebok to anyone. Very dissatisfied with my experience.,Negative
210,Levi's,Levi's needs to improve their quality control. Too many issues with my purchase.,Negative
605,H&M,Great quality products from H&M. Highly recommend!,Positive
693,H&M,"I had high hopes for H&M, but I was let down by the poor quality.",Negative
663,H&M,Very disappointed with H&M. Their products didn't meet my expectations.,Negative
867,Gap,Very disappointed with Gap. Their products didn't meet my expectations.,Negative
71,Nike,Great quality products from Nike. Highly recommend!,Positive
544,Reebok,Very disappointed with Reebok. Their products didn't meet my expectations.,Negative
108,Adidas,"I had high hopes for Adidas, but I was let down by the poor quality.",Negative
494,Puma,Very disappointed with Puma. Their products didn't meet my expectations.,Negative
591,Reebok,I'm impressed with Reebok. Their customer service is excellent!,Positive
742,Zara,I would not recommend Zara to anyone. Very dissatisfied with my experience.,Negative
293,Levi's,"I had high hopes for Levi's, but I was let down by the poor quality.",Negative
290,Levi's,Poor quality products from Levi's. I regret buying from them.,Negative
653,H&M,I absolutely love H&M! Their products are always top-notch.,Positive
40,Nike,I'm impressed with Nike. Their customer service is excellent!,Positive
590,Reebok,I absolutely love Reebok! Their products are always top-notch.,Positive
308,Under Armour,Great quality products from Under Armour. Highly recommend!,Positive
680,H&M,Poor quality products from H&M. I regret buying from them.,Negative
67,Nike,Very disappointed with Nike. Their products didn't meet my expectations.,Negative
276,Levi's,Great quality products from Levi's. Highly recommend!,Positive
68,Nike,Very disappointed with Nike. Their products didn't meet my expectations.,Negative
319,Under Armour,Great quality products from Under Armour. Highly recommend!,Positive
549,Reebok,I'm impressed with Reebok. Their customer service is excellent!,Positive
999,Tommy Hilfiger,I absolutely love Tommy Hilfiger! Their products are always top-notch.,Positive
715,Zara,Zara is my go-to for trendy and comfortable clothing.,Positive
754,Zara,I'm impressed with Zara. Their customer service is excellent!,Positive
328,Under Armour,I absolutely love Under Armour! Their products are always top-notch.,Positive
383,Under Armour,I absolutely love Under Armour! Their products are always top-notch.,Positive
452,Puma,"I had high hopes for Puma, but I was let down by the poor quality.",Negative
523,Reebok,Very disappointed with Reebok. Their products didn't meet my expectations.,Negative
219,Levi's,I absolutely love Levi's! Their products are always top-notch.,Positive
788,Zara,Zara needs to improve their quality control. Too many issues with my purchase.,Negative
437,Puma,Poor quality products from Puma. I regret buying from them.,Negative
765,Zara,Zara is my go-to for trendy and comfortable clothing.,Positive
89,Nike,Great quality products from Nike. Highly recommend!,Positive
64,Nike,Nike needs to improve their quality control. Too many issues with my purchase.,Negative
827,Gap,I absolutely love Gap! Their products are always top-notch.,Positive
717,Zara,I would not recommend Zara to anyone. Very dissatisfied with my experience.,Negative
352,Under Armour,Under Armour needs to improve their quality control. Too many issues with my purchase.,Negative
937,Tommy Hilfiger,Very disappointed with Tommy Hilfiger. Their products didn't meet my expectations.,Negative
257,Levi's,Very disappointed with Levi's. Their products didn't meet my expectations.,Negative
636,H&M,"I had high hopes for H&M, but I was let down by the poor quality.",Negative
645,H&M,H&M needs to improve their quality control. Too many issues with my purchase.,Negative
555,Reebok,I would not recommend Reebok to anyone. Very dissatisfied with my experience.,Negative
960,Tommy Hilfiger,Tommy Hilfiger is my go-to for trendy and comfortable clothing.,Positive
169,Adidas,I would not recommend Adidas to anyone. Very dissatisfied with my experience.,Negative
918,Tommy Hilfiger,Great quality products from Tommy Hilfiger. Highly recommend!,Positive
529,Reebok,I absolutely love Reebok! Their products are always top-notch.,Positive
824,Gap,Poor quality products from Gap. I regret buying from them.,Negative
986,Tommy Hilfiger,I'm impressed with Tommy Hilfiger. Their customer service is excellent!,Positive
817,Gap,Gap needs to improve their quality control. Too many issues with my purchase.,Negative
87,Nike,Nike needs to improve their quality control. Too many issues with my purchase.,Negative
433,Puma,Very disappointed with Puma. Their products didn't meet my expectations.,Negative
185,Adidas,I'm impressed with Adidas. Their customer service is excellent!,Positive
979,Tommy Hilfiger,I would not recommend Tommy Hilfiger to anyone. Very dissatisfied with my experience.,Negative
535,Reebok,Very disappointed with Reebok. Their products didn't meet my expectations.,Negative
295,Levi's,I'm impressed with Levi's. Their customer service is excellent!,Positive
893,Gap,Gap is my go-to for trendy and comfortable clothing.,Positive
426,Puma,Very disappointed with Puma. Their products didn't meet my expectations.,Negative
714,Zara,Zara never disappoints. I'm always satisfied with my purchases.,Positive
261,Levi's,Levi's never disappoints. I'm always satisfied with my purchases.,Positive
238,Levi's,I would not recommend Levi's to anyone. Very dissatisfied with my experience.,Negative
560,Reebok,Poor quality products from Reebok. I regret buying from them.,Negative
584,Reebok,Poor quality products from Reebok. I regret buying from them.,Negative
446,Puma,"I had high hopes for Puma, but I was let down by the poor quality.",Negative
868,Gap,Gap needs to improve their quality control. Too many issues with my purchase.,Negative
801,Gap,Gap never disappoints. I'm always satisfied with my purchases.,Positive
600,Reebok,I absolutely love Reebok! Their products are always top-notch.,Positive
850,Gap,Very disappointed with Gap. Their products didn't meet my expectations.,Negative
266,Levi's,Levi's is my go-to for trendy and comfortable clothing.,Positive
996,Tommy Hilfiger,I absolutely love Tommy Hilfiger! Their products are always top-notch.,Positive
530,Reebok,Reebok is my go-to for trendy and comfortable clothing.,Positive
56,Nike,I absolutely love Nike! Their products are always top-notch.,Positive
121,Adidas,Adidas never disappoints. I'm always satisfied with my purchases.,Positive
216,Levi's,I absolutely love Levi's! Their products are always top-notch.,Positive
26,Nike,Poor quality products from Nike. I regret buying from them.,Negative
73,Nike,I would not recommend Nike to anyone. Very dissatisfied with my experience.,Negative
45,Nike,Nike needs to improve their quality control. Too many issues with my purchase.,Negative
248,Levi's,I would not recommend Levi's to anyone. Very dissatisfied with my experience.,Negative
722,Zara,I would not recommend Zara to anyone. Very dissatisfied with my experience.,Negative
282,Levi's,Levi's never disappoints. I'm always satisfied with my purchases.,Positive
894,Gap,Gap never disappoints. I'm always satisfied with my purchases.,Positive
915,Tommy Hilfiger,Great quality products from Tommy Hilfiger. Highly recommend!,Positive
811,Gap,Poor quality products from Gap. I regret buying from them.,Negative
245,Levi's,Poor quality products from Levi's. I regret buying from them.,Negative
823,Gap,I would not recommend Gap to anyone. Very dissatisfied with my experience.,Negative
322,Under Armour,I absolutely love Under Armour! Their products are always top-notch.,Positive
644,H&M,H&M never disappoints. I'm always satisfied with my purchases.,Positive
159,Adidas,I would not recommend Adidas to anyone. Very dissatisfied with my experience.,Negative
978,Tommy Hilfiger,Tommy Hilfiger is my go-to for trendy and comfortable clothing.,Positive
430,Puma,Very disappointed with Puma. Their products didn't meet my expectations.,Negative
942,Tommy Hilfiger,Tommy Hilfiger is my go-to for trendy and comfortable clothing.,Positive
463,Puma,I would not recommend Puma to anyone. Very dissatisfied with my experience.,Negative
310,Under Armour,Under Armour needs to improve their quality control. Too many issues with my purchase.,Negative
698,H&M,H&M never disappoints. I'm always satisfied with my purchases.,Positive
61,Nike,I absolutely love Nike! Their products are always top-notch.,Positive
885,Gap,Gap never disappoints. I'm always satisfied with my purchases.,Positive
596,Reebok,Poor quality products from Reebok. I regret buying from them.,Negative
768,Zara,Zara is my go-to for trendy and comfortable clothing.,Positive
650,H&M,H&M is my go-to for trendy and comfortable clothing.,Positive
651,H&M,Very disappointed with H&M. Their products didn't meet my expectations.,Negative
866,Gap,Gap never disappoints. I'm always satisfied with my purchases.,Positive
669,H&M,I'm impressed with H&M. Their customer service is excellent!,Positive
299,Levi's,I would not recommend Levi's to anyone. Very dissatisfied with my experience.,Negative
690,H&M,H&M needs to improve their quality control. Too many issues with my purchase.,Negative
315,Under Armour,I absolutely love Under Armour! Their products are always top-notch.,Positive
311,Under Armour,I would not recommend Under Armour to anyone. Very dissatisfied with my experience.,Negative
362,Under Armour,Under Armour needs to improve their quality control. Too many issues with my purchase.,Negative
480,Puma,I absolutely love Puma! Their products are always top-notch.,Positive
111,Adidas,I'm impressed with Adidas. Their customer service is excellent!,Positive
990,Tommy Hilfiger,Very disappointed with Tommy Hilfiger. Their products didn't meet my expectations.,Negative
487,Puma,Very disappointed with Puma. Their products didn't meet my expectations.,Negative
364,Under Armour,I absolutely love Under Armour! Their products are always top-notch.,Positive
255,Levi's,I absolutely love Levi's! Their products are always top-notch.,Positive
260,Levi's,Great quality products from Levi's. Highly recommend!,Positive
803,Gap,Gap is my go-to for trendy and comfortable clothing.,Positive
678,H&M,Very disappointed with H&M. Their products didn't meet my expectations.,Negative
495,Puma,Puma never disappoints. I'm always satisfied with my purchases.,Positive
671,H&M,H&M is my go-to for trendy and comfortable clothing.,Positive
378,Under Armour,Under Armour needs to improve their quality control. Too many issues with my purchase.,Negative
527,Reebok,Reebok never disappoints. I'm always satisfied with my purchases.,Positive
846,Gap,Gap never disappoints. I'm always satisfied with my purchases.,Positive
138,Adidas,"I had high hopes for Adidas, but I was let down by the poor quality.",Negative
356,Under Armour,I absolutely love Under Armour! Their products are always top-notch.,Positive
366,Under Armour,Under Armour is my go-to for trendy and comfortable clothing.,Positive
943,Tommy Hilfiger,Tommy Hilfiger needs to improve their quality control. Too many issues with my purchase.,Negative
750,Zara,Very disappointed with Zara. Their products didn't meet my expectations.,Negative
949,Tommy Hilfiger,Very disappointed with Tommy Hilfiger. Their products didn't meet my expectations.,Negative
830,Gap,I would not recommend Gap to anyone. Very dissatisfied with my experience.,Negative
657,H&M,I would not recommend H&M to anyone. Very dissatisfied with my experience.,Negative
200,Adidas,Adidas needs to improve their quality control. Too many issues with my purchase.,Negative
214,Levi's,Levi's never disappoints. I'm always satisfied with my purchases.,Positive
409,Puma,I'm impressed with Puma. Their customer service is excellent!,Positive
333,Under Armour,Under Armour needs to improve their quality control. Too many issues with my purchase.,Negative
209,Levi's,I would not recommend Levi's to anyone. Very dissatisfied with my experience.,Negative
614,H&M,I'm impressed with H&M. Their customer service is excellent!,Positive
79,Nike,Nike never disappoints. I'm always satisfied with my purchases.,Positive
30,Nike,Very disappointed with Nike. Their products didn't meet my expectations.,Negative
536,Reebok,Very disappointed with Reebok. Their products didn't meet my expectations.,Negative
696,H&M,"I had high hopes for H&M, but I was let down by the poor quality.",Negative
558,Reebok,Great quality products from Reebok. Highly recommend!,Positive
837,Gap,Poor quality products from Gap. I regret buying from them.,Negative
597,Reebok,I absolutely love Reebok! Their products are always top-notch.,Positive
166,Adidas,Adidas needs to improve their quality control. Too many issues with my purchase.,Negative
919,Tommy Hilfiger,"I had high hopes for Tommy Hilfiger, but I was let down by the poor quality.",Negative
496,Puma,Puma never disappoints. I'm always satisfied with my purchases.,Positive
825,Gap,Great quality products from Gap. Highly recommend!,Positive
66,Nike,Nike needs to improve their quality control. Too many issues with my purchase.,Negative
142,Adidas,I absolutely love Adidas! Their products are always top-notch.,Positive
926,Tommy Hilfiger,Very disappointed with Tommy Hilfiger. Their products didn't meet my expectations.,Negative
828,Gap,"I had high hopes for Gap, but I was let down by the poor quality.",Negative
656,H&M,H&M never disappoints. I'm always satisfied with my purchases.,Positive
332,Under Armour,Very disappointed with Under Armour. Their products didn't meet my expectations.,Negative
665,H&M,H&M needs to improve their quality control. Too many issues with my purchase.,Negative
250,Levi's,I'm impressed with Levi's. Their customer service is excellent!,Positive
908,Tommy Hilfiger,I would not recommend Tommy Hilfiger to anyone. Very dissatisfied with my experience.,Negative
709,Zara,Zara is my go-to for trendy and comfortable clothing.,Positive
306,Under Armour,"I had high hopes for Under Armour, but I was let down by the poor quality.",Negative
735,Zara,Zara is my go-to for trendy and comfortable clothing.,Positive
976,Tommy Hilfiger,Very disappointed with Tommy Hilfiger. Their products didn't meet my expectations.,Negative
50,Nike,Poor quality products from Nike. I regret buying from them.,Negative
897,Gap,Great quality products from Gap. Highly recommend!,Positive
3,Nike,Nike never disappoints. I'm always satisfied with my purchases.,Positive
545,Reebok,"I had high hopes for Reebok, but I was let down by the poor quality.",Negative
351,Under Armour,Very disappointed with Under Armour. Their products didn't meet my expectations.,Negative
905,Tommy Hilfiger,Great quality products from Tommy Hilfiger. Highly recommend!,Positive
537,Reebok,"I had high hopes for Reebok, but I was let down by the poor quality.",Negative
345,Under Armour,Very disappointed with Under Armour. Their products didn't meet my expectations.,Negative
995,Tommy Hilfiger,I'm impressed with Tommy Hilfiger. Their customer service is excellent!,Positive
482,Puma,"I had high hopes for Puma, but I was let down by the poor quality.",Negative
576,Reebok,Reebok never disappoints. I'm always satisfied with my purchases.,Positive
34,Nike,Poor quality products from Nike. I regret buying from them.,Negative
32,Nike,Very disappointed with Nike. Their products didn't meet my expectations.,Negative
232,Levi's,I'm impressed with Levi's. Their customer service is excellent!,Positive
964,Tommy Hilfiger,Tommy Hilfiger needs to improve their quality control. Too many issues with my purchase.,Negative
193,Adidas,Great quality products from Adidas. Highly recommend!,Positive
334,Under Armour,"I had high hopes for Under Armour, but I was let down by the poor quality.",Negative
4,Nike,Great quality products from Nike. Highly recommend!,Positive
205,Levi's,Levi's never disappoints. I'm always satisfied with my purchases.,Positive
515,Reebok,I'm impressed with Reebok. Their customer service is excellent!,Positive
800,Zara,I'm impressed with Zara. Their customer service is excellent!,Positive
307,Under Armour,Under Armour needs to improve their quality control. Too many issues with my purchase.,Negative
110,Adidas,Adidas never disappoints. I'm always satisfied with my purchases.,Positive
431,Puma,"I had high hopes for Puma, but I was let down by the poor quality.",Negative
78,Nike,Nike needs to improve their quality control. Too many issues with my purchase.,Negative
85,Nike,Great quality products from Nike. Highly recommend!,Positive
287,Levi's,Very disappointed with Levi's. Their products didn't meet my expectations.,Negative
83,Nike,Great quality products from Nike. Highly recommend!,Positive
992,Tommy Hilfiger,Tommy Hilfiger is my go-to for trendy and comfortable clothing.,Positive
790,Zara,Zara never disappoints. I'm always satisfied with my purchases.,Positive
895,Gap,Gap is my go-to for trendy and comfortable clothing.,Positive
399,Under Armour,Poor quality products from Under Armour. I regret buying from them.,Negative
324,Under Armour,Very disappointed with Under Armour. Their products didn't meet my expectations.,Negative
520,Reebok,"I had high hopes for Reebok, but I was let down by the poor quality.",Negative
917,Tommy Hilfiger,"I had high hopes for Tommy Hilfiger, but I was let down by the poor quality.",Negative
923,Tommy Hilfiger,Tommy Hilfiger never disappoints. I'm always satisfied with my purchases.,Positive
6,Nike,"I had high hopes for Nike, but I was let down by the poor quality.",Negative
732,Zara,Zara is my go-to for trendy and comfortable clothing.,Positive
466,Puma,Poor quality products from Puma. I regret buying from them.,Negative
98,Nike,Nike needs to improve their quality control. Too many issues with my purchase.,Negative
267,Levi's,Poor quality products from Levi's. I regret buying from them.,Negative
358,Under Armour,"I had high hopes for Under Armour, but I was let down by the poor quality.",Negative
869,Gap,Gap never disappoints. I'm always satisfied with my purchases.,Positive
799,Zara,"I had high hopes for Zara, but I was let down by the poor quality.",Negative
381,Under Armour,Great quality products from Under Armour. Highly recommend!,Positive
632,H&M,Poor quality products from H&M. I regret buying from them.,Negative
382,Under Armour,Under Armour is my go-to for trendy and comfortable clothing.,Positive
491,Puma,Very disappointed with Puma. Their products didn't meet my expectations.,Negative
119,Adidas,"I had high hopes for Adidas, but I was let down by the poor quality.",Negative
901,Tommy Hilfiger,Tommy Hilfiger is my go-to for trendy and comfortable clothing.,Positive
251,Levi's,Levi's needs to improve their quality control. Too many issues with my purchase.,Negative
524,Reebok,Reebok never disappoints. I'm always satisfied with my purchases.,Positive
10,Nike,"I had high hopes for Nike, but I was let down by the poor quality.",Negative
197,Adidas,Very disappointed with Adidas. Their products didn't meet my expectations.,Negative
604,H&M,I'm impressed with H&M. Their customer service is excellent!,Positive
82,Nike,Nike never disappoints. I'm always satisfied with my purchases.,Positive
784,Zara,Very disappointed with Zara. Their products didn't meet my expectations.,Negative
588,Reebok,Great quality products from Reebok. Highly recommend!,Positive
798,Zara,Zara is my go-to for trendy and comfortable clothing.,Positive
240,Levi's,Poor quality products from Levi's. I regret buying from them.,Negative
291,Levi's,Levi's is my go-to for trendy and comfortable clothing.,Positive
212,Levi's,Levi's is my go-to for trendy and comfortable clothing.,Positive
718,Zara,Zara is my go-to for trendy and comfortable clothing.,Positive
360,Under Armour,Under Armour needs to improve their quality control. Too many issues with my purchase.,Negative
450,Puma,Puma is my go-to for trendy and comfortable clothing.,Positive
228,Levi's,Levi's needs to improve their quality control. Too many issues with my purchase.,Negative
951,Tommy Hilfiger,Tommy Hilfiger needs to improve their quality control. Too many issues with my purchase.,Negative
947,Tommy Hilfiger,Tommy Hilfiger never disappoints. I'm always satisfied with my purchases.,Positive
797,Zara,Very disappointed with Zara. Their products didn't meet my expectations.,Negative
502,Reebok,Reebok never disappoints. I'm always satisfied with my purchases.,Positive
465,Puma,Puma never disappoints. I'm always satisfied with my purchases.,Positive
363,Under Armour,I'm impressed with Under Armour. Their customer service is excellent!,Positive
469,Puma,Puma needs to improve their quality control. Too many issues with my purchase.,Negative
936,Tommy Hilfiger,Poor quality products from Tommy Hilfiger. I regret buying from them.,Negative
429,Puma,Puma needs to improve their quality control. Too many issues with my purchase.,Negative
8,Nike,Nike is my go-to for trendy and comfortable clothing.,Positive
156,Adidas,Adidas needs to improve their quality control. Too many issues with my purchase.,Negative
542,Reebok,I would not recommend Reebok to anyone. Very dissatisfied with my experience.,Negative
441,Puma,Puma is my go-to for trendy and comfortable clothing.,Positive
483,Puma,"I had high hopes for Puma, but I was let down by the poor quality.",Negative
423,Puma,I'm impressed with Puma. Their customer service is excellent!,Positive
779,Zara,Zara never disappoints. I'm always satisfied with my purchases.,Positive
950,Tommy Hilfiger,"I had high hopes for Tommy Hilfiger, but I was let down by the poor quality.",Negative
335,Under Armour,I would not recommend Under Armour to anyone. Very dissatisfied with my experience.,Negative
577,Reebok,I'm impressed with Reebok. Their customer service is excellent!,Positive
935,Tommy Hilfiger,Tommy Hilfiger never disappoints. I'm always satisfied with my purchases.,Positive
568,Reebok,Very disappointed with Reebok. Their products didn't meet my expectations.,Negative
595,Reebok,I absolutely love Reebok! Their products are always top-notch.,Positive
531,Reebok,Reebok is my go-to for trendy and comfortable clothing.,Positive
582,Reebok,I'm impressed with Reebok. Their customer service is excellent!,Positive
708,Zara,Zara never disappoints. I'm always satisfied with my purchases.,Positive
449,Puma,Puma needs to improve their quality control. Too many issues with my purchase.,Negative
454,Puma,Puma needs to improve their quality control. Too many issues with my purchase.,Negative
229,Levi's,Levi's is my go-to for trendy and comfortable clothing.,Positive
353,Under Armour,Very disappointed with Under Armour. Their products didn't meet my expectations.,Negative
729,Zara,Zara is my go-to for trendy and comfortable clothing.,Positive
213,Levi's,I absolutely love Levi's! Their products are always top-notch.,Positive
80,Nike,I absolutely love Nike! Their products are always top-notch.,Positive
149,Adidas,Poor quality products from Adidas. I regret buying from them.,Negative
303,Under Armour,I absolutely love Under Armour! Their products are always top-notch.,Positive
629,H&M,Very disappointed with H&M. Their products didn't meet my expectations.,Negative
778,Zara,Zara needs to improve their quality control. Too many issues with my purchase.,Negative
507,Reebok,Poor quality products from Reebok. I regret buying from them.,Negative
343,Under Armour,Under Armour is my go-to for trendy and comfortable clothing.,Positive
486,Puma,Puma is my go-to for trendy and comfortable clothing.,Positive
712,Zara,Zara needs to improve their quality control. Too many issues with my purchase.,Negative
134,Adidas,I'm impressed with Adidas. Their customer service is excellent!,Positive
704,Zara,I'm impressed with Zara. Their customer service is excellent!,Positive
312,Under Armour,Under Armour never disappoints. I'm always satisfied with my purchases.,Positive
723,Zara,Poor quality products from Zara. I regret buying from them.,Negative
630,H&M,Great quality products from H&M. Highly recommend!,Positive
1,Nike,I absolutely love Nike! Their products are always top-notch.,Positive
317,Under Armour,Under Armour is my go-to for trendy and comfortable clothing.,Positive
707,Zara,Zara is my go-to for trendy and comfortable clothing.,Positive
548,Reebok,Reebok needs to improve their quality control. Too many issues with my purchase.,Negative
873,Gap,Poor quality products from Gap. I regret buying from them.,Negative
533,Reebok,Great quality products from Reebok. Highly recommend!,Positive
478,Puma,Poor quality products from Puma. I regret buying from them.,Negative
405,Puma,Very disappointed with Puma. Their products didn't meet my expectations.,Negative
173,Adidas,Adidas is my go-to for trendy and comfortable clothing.,Positive
126,Adidas,I absolutely love Adidas! Their products are always top-notch.,Positive
395,Under Armour,Great quality products from Under Armour. Highly recommend!,Positive
421,Puma,Puma never disappoints. I'm always satisfied with my purchases.,Positive
553,Reebok,Reebok needs to improve their quality control. Too many issues with my purchase.,Negative
904,Tommy Hilfiger,Poor quality products from Tommy Hilfiger. I regret buying from them.,Negative
91,Nike,"I had high hopes for Nike, but I was let down by the poor quality.",Negative
940,Tommy Hilfiger,I would not recommend Tommy Hilfiger to anyone. Very dissatisfied with my experience.,Negative
182,Adidas,Adidas never disappoints. I'm always satisfied with my purchases.,Positive
275,Levi's,"I had high hopes for Levi's, but I was let down by the poor quality.",Negative
896,Gap,Very disappointed with Gap. Their products didn't meet my expectations.,Negative
70,Nike,"I had high hopes for Nike, but I was let down by the poor quality.",Negative
292,Levi's,Poor quality products from Levi's. I regret buying from them.,Negative
132,Adidas,Adidas is my go-to for trendy and comfortable clothing.,Positive
301,Under Armour,I absolutely love Under Armour! Their products are always top-notch.,Positive
425,Puma,Great quality products from Puma. Highly recommend!,Positive
327,Under Armour,I absolutely love Under Armour! Their products are always top-notch.,Positive
145,Adidas,Adidas needs to improve their quality control. Too many issues with my purchase.,Negative
424,Puma,Puma needs to improve their quality control. Too many issues with my purchase.,Negative
581,Reebok,Great quality products from Reebok. Highly recommend!,Positive
136,Adidas,Adidas needs to improve their quality control. Too many issues with my purchase.,Negative
451,Puma,Poor quality products from Puma. I regret buying from them.,Negative
165,Adidas,"I had high hopes for Adidas, but I was let down by the poor quality.",Negative
29,Nike,Great quality products from Nike. Highly recommend!,Positive
774,Zara,Zara needs to improve their quality control. Too many issues with my purchase.,Negative
194,Adidas,I'm impressed with Adidas. Their customer service is excellent!,Positive
389,Under Armour,"I had high hopes for Under Armour, but I was let down by the poor quality.",Negative
853,Gap,"I had high hopes for Gap, but I was let down by the poor quality.",Negative
170,Adidas,Poor quality products from Adidas. I regret buying from them.,Negative
706,Zara,Zara never disappoints. I'm always satisfied with my purchases.,Positive
141,Adidas,I would not recommend Adidas to anyone. Very dissatisfied with my experience.,Negative
174,Adidas,Adidas is my go-to for trendy and comfortable clothing.,Positive
7,Nike,Great quality products from Nike. Highly recommend!,Positive
746,Zara,"I had high hopes for Zara, but I was let down by the poor quality.",Negative
479,Puma,Puma is my go-to for trendy and comfortable clothing.,Positive
74,Nike,I would not recommend Nike to anyone. Very dissatisfied with my experience.,Negative
911,Tommy Hilfiger,Tommy Hilfiger never disappoints. I'm always satisfied with my purchases.,Positive
814,Gap,Very disappointed with Gap. Their products didn't meet my expectations.,Negative
239,Levi's,Poor quality products from Levi's. I regret buying from them.,Negative
146,Adidas,Poor quality products from Adidas. I regret buying from them.,Negative
793,Zara,"I had high hopes for Zara, but I was let down by the poor quality.",Negative
235,Levi's,"I had high hopes for Levi's, but I was let down by the poor quality.",Negative
221,Levi's,Very disappointed with Levi's. Their products didn't meet my expectations.,Negative
924,Tommy Hilfiger,Very disappointed with Tommy Hilfiger. Their products didn't meet my expectations.,Negative
501,Reebok,I absolutely love Reebok! Their products are always top-notch.,Positive
133,Adidas,I absolutely love Adidas! Their products are always top-notch.,Positive
991,Tommy Hilfiger,I would not recommend Tommy Hilfiger to anyone. Very dissatisfied with my experience.,Negative
775,Zara,Great quality products from Zara. Highly recommend!,Positive
186,Adidas,Poor quality products from Adidas. I regret buying from them.,Negative
42,Nike,I would not recommend Nike to anyone. Very dissatisfied with my experience.,Negative
697,H&M,Poor quality products from H&M. I regret buying from them.,Negative
109,Adidas,Very disappointed with Adidas. Their products didn't meet my expectations.,Negative
589,Reebok,I would not recommend Reebok to anyone. Very dissatisfied with my experience.,Negative
57,Nike,Nike never disappoints. I'm always satisfied with my purchases.,Positive
406,Puma,I would not recommend Puma to anyone. Very dissatisfied with my experience.,Negative
443,Puma,Puma needs to improve their quality control. Too many issues with my purchase.,Negative
758,Zara,Zara never disappoints. I'm always satisfied with my purchases.,Positive
998,Tommy Hilfiger,Great quality products from Tommy Hilfiger. Highly recommend!,Positive
25,Nike,Nike is my go-to for trendy and comfortable clothing.,Positive
468,Puma,"I had high hopes for Puma, but I was let down by the poor quality.",Negative
540,Reebok,I absolutely love Reebok! Their products are always top-notch.,Positive
532,Reebok,Reebok is my go-to for trendy and comfortable clothing.,Positive
619,H&M,I'm impressed with H&M. Their customer service is excellent!,Positive
695,H&M,"I had high hopes for H&M, but I was let down by the poor quality.",Negative
927,Tommy Hilfiger,Very disappointed with Tommy Hilfiger. Their products didn't meet my expectations.,Negative
339,Under Armour,I absolutely love Under Armour! Their products are always top-notch.,Positive
52,Nike,I would not recommend Nike to anyone. Very dissatisfied with my experience.,Negative
508,Reebok,Poor quality products from Reebok. I regret buying from them.,Negative
517,Reebok,I absolutely love Reebok! Their products are always top-notch.,Positive
921,Tommy Hilfiger,Tommy Hilfiger is my go-to for trendy and comfortable clothing.,Positive
782,Zara,Zara needs to improve their quality control. Too many issues with my purchase.,Negative
265,Levi's,Very disappointed with Levi's. Their products didn't meet my expectations.,Negative
818,Gap,Gap is my go-to for trendy and comfortable clothing.,Positive
711,Zara,Zara is my go-to for trendy and comfortable clothing.,Positive
683,H&M,H&M never disappoints. I'm always satisfied with my purchases.,Positive
833,Gap,Very disappointed with Gap. Their products didn't meet my expectations.,Negative
519,Reebok,Poor quality products from Reebok. I regret buying from them.,Negative
448,Puma,Puma never disappoints. I'm always satisfied with my purchases.,Positive
19,Nike,Very disappointed with Nike. Their products didn't meet my expectations.,Negative
716,Zara,I would not recommend Zara to anyone. Very dissatisfied with my experience.,Negative
484,Puma,Poor quality products from Puma. I regret buying from them.,Negative
569,Reebok,Reebok is my go-to for trendy and comfortable clothing.,Positive
434,Puma,"I had high hopes for Puma, but I was let down by the poor quality.",Negative
368,Under Armour,"I had high hopes for Under Armour, but I was let down by the poor quality.",Negative
84,Nike,"I had high hopes for Nike, but I was let down by the poor quality.",Negative
62,Nike,Nike never disappoints. I'm always satisfied with my purchases.,Positive
639,H&M,I would not recommend H&M to anyone. Very dissatisfied with my experience.,Negative
273,Levi's,I would not recommend Levi's to anyone. Very dissatisfied with my experience.,Negative
286,Levi's,"I had high hopes for Levi's, but I was let down by the poor quality.",Negative
361,Under Armour,Poor quality products from Under Armour. I regret buying from them.,Negative
355,Under Armour,"I had high hopes for Under Armour, but I was let down by the poor quality.",Negative
457,Puma,I would not recommend Puma to anyone. Very dissatisfied with my experience.,Negative
279,Levi's,Levi's never disappoints. I'm always satisfied with my purchases.,Positive
13,Nike,Great quality products from Nike. Highly recommend!,Positive
183,Adidas,Adidas never disappoints. I'm always satisfied with my purchases.,Positive
369,Under Armour,Poor quality products from Under Armour. I regret buying from them.,Negative
882,Gap,Gap never disappoints. I'm always satisfied with my purchases.,Positive
616,H&M,I'm impressed with H&M. Their customer service is excellent!,Positive
224,Levi's,"I had high hopes for Levi's, but I was let down by the poor quality.",Negative
573,Reebok,Reebok is my go-to for trendy and comfortable clothing.,Positive
971,Tommy Hilfiger,Tommy Hilfiger needs to improve their quality control. Too many issues with my purchase.,Negative
654,H&M,Very disappointed with H&M. Their products didn't meet my expectations.,Negative
546,Reebok,Poor quality products from Reebok. I regret buying from them.,Negative
583,Reebok,Very disappointed with Reebok. Their products didn't meet my expectations.,Negative
634,H&M,I absolutely love H&M! Their products are always top-notch.,Positive
177,Adidas,I absolutely love Adidas! Their products are always top-notch.,Positive
666,H&M,H&M is my go-to for trendy and comfortable clothing.,Positive
674,H&M,Very disappointed with H&M. Their products didn't meet my expectations.,Negative
586,Reebok,Poor quality products from Reebok. I regret buying from them.,Negative
874,Gap,I would not recommend Gap to anyone. Very dissatisfied with my experience.,Negative
394,Under Armour,I would not recommend Under Armour to anyone. Very dissatisfied with my experience.,Negative
164,Adidas,Great quality products from Adidas. Highly recommend!,Positive
249,Levi's,Great quality products from Levi's. Highly recommend!,Positive
635,H&M,H&M is my go-to for trendy and comfortable clothing.,Positive
886,Gap,Poor quality products from Gap. I regret buying from them.,Negative
670,H&M,H&M is my go-to for trendy and comfortable clothing.,Positive
376,Under Armour,Under Armour is my go-to for trendy and comfortable clothing.,Positive
413,Puma,"I had high hopes for Puma, but I was let down by the poor quality.",Negative
75,Nike,I absolutely love Nike! Their products are always top-notch.,Positive
114,Adidas,Adidas needs to improve their quality control. Too many issues with my purchase.,Negative
599,Reebok,Great quality products from Reebok. Highly recommend!,Positive
962,Tommy Hilfiger,Tommy Hilfiger never disappoints. I'm always satisfied with my purchases.,Positive
391,Under Armour,I would not recommend Under Armour to anyone. Very dissatisfied with my experience.,Negative
105,Adidas,Adidas is my go-to for trendy and comfortable clothing.,Positive
115,Adidas,I would not recommend Adidas to anyone. Very dissatisfied with my experience.,Negative
418,Puma,Puma never disappoints. I'm always satisfied with my purchases.,Positive
526,Reebok,Reebok never disappoints. I'm always satisfied with my purchases.,Positive
458,Puma,Poor quality products from Puma. I regret buying from them.,Negative
410,Puma,Very disappointed with Puma. Their products didn't meet my expectations.,Negative
93,Nike,Nike needs to improve their quality control. Too many issues with my purchase.,Negative
931,Tommy Hilfiger,I'm impressed with Tommy Hilfiger. Their customer service is excellent!,Positive
90,Nike,I absolutely love Nike! Their products are always top-notch.,Positive
337,Under Armour,Under Armour never disappoints. I'm always satisfied with my purchases.,Positive
989,Tommy Hilfiger,I would not recommend Tommy Hilfiger to anyone. Very dissatisfied with my experience.,Negative
922,Tommy Hilfiger,Tommy Hilfiger never disappoints. I'm always satisfied with my purchases.,Positive
934,Tommy Hilfiger,I absolutely love Tommy Hilfiger! Their products are always top-notch.,Positive
606,H&M,H&M needs to improve their quality control. Too many issues with my purchase.,Negative
594,Reebok,Great quality products from Reebok. Highly recommend!,Positive
612,H&M,I would not recommend H&M to anyone. Very dissatisfied with my experience.,Negative
95,Nike,Very disappointed with Nike. Their products didn't meet my expectations.,Negative
12,Nike,I would not recommend Nike to anyone. Very dissatisfied with my experience.,Negative
397,Under Armour,Under Armour is my go-to for trendy and comfortable clothing.,Positive
534,Reebok,Very disappointed with Reebok. Their products didn't meet my expectations.,Negative
44,Nike,Nike is my go-to for trendy and comfortable clothing.,Positive
43,Nike,Great quality products from Nike. Highly recommend!,Positive
330,Under Armour,"I had high hopes for Under Armour, but I was let down by the poor quality.",Negative
168,Adidas,I'm impressed with Adidas. Their customer service is excellent!,Positive
498,Puma,Puma is my go-to for trendy and comfortable clothing.,Positive
877,Gap,I'm impressed with Gap. Their customer service is excellent!,Positive
598,Reebok,I'm impressed with Reebok. Their customer service is excellent!,Positive
757,Zara,I absolutely love Zara! Their products are always top-notch.,Positive
101,Adidas,I absolutely love Adidas! Their products are always top-notch.,Positive
427,Puma,I'm impressed with Puma. Their customer service is excellent!,Positive
179,Adidas,Adidas needs to improve their quality control. Too many issues with my purchase.,Negative
445,Puma,I'm impressed with Puma. Their customer service is excellent!,Positive
417,Puma,Puma never disappoints. I'm always satisfied with my purchases.,Positive
871,Gap,Poor quality products from Gap. I regret buying from them.,Negative
883,Gap,Poor quality products from Gap. I regret buying from them.,Negative
681,H&M,I'm impressed with H&M. Their customer service is excellent!,Positive
178,Adidas,Adidas is my go-to for trendy and comfortable clothing.,Positive
396,Under Armour,I'm impressed with Under Armour. Their customer service is excellent!,Positive
912,Tommy Hilfiger,I would not recommend Tommy Hilfiger to anyone. Very dissatisfied with my experience.,Negative
794,Zara,Very disappointed with Zara. Their products didn't meet my expectations.,Negative
961,Tommy Hilfiger,Tommy Hilfiger is my go-to for trendy and comfortable clothing.,Positive
685,H&M,I would not recommend H&M to anyone. Very dissatisfied with my experience.,Negative
384,Under Armour,Great quality products from Under Armour. Highly recommend!,Positive
957,Tommy Hilfiger,Tommy Hilfiger is my go-to for trendy and comfortable clothing.,Positive
752,Zara,Zara is my go-to for trendy and comfortable clothing.,Positive
258,Levi's,"I had high hopes for Levi's, but I was let down by the poor quality.",Negative
539,Reebok,Reebok never disappoints. I'm always satisfied with my purchases.,Positive
336,Under Armour,Under Armour is my go-to for trendy and comfortable clothing.,Positive
16,Nike,Great quality products from Nike. Highly recommend!,Positive
325,Under Armour,"I had high hopes for Under Armour, but I was let down by the poor quality.",Negative
759,Zara,I'm impressed with Zara. Their customer service is excellent!,Positive
223,Levi's,I'm impressed with Levi's. Their customer service is excellent!,Positive
180,Adidas,Very disappointed with Adidas. Their products didn't meet my expectations.,Negative
984,Tommy Hilfiger,Tommy Hilfiger never disappoints. I'm always satisfied with my purchases.,Positive
23,Nike,Nike never disappoints. I'm always satisfied with my purchases.,Positive
357,Under Armour,Under Armour is my go-to for trendy and comfortable clothing.,Positive
667,H&M,Great quality products from H&M. Highly recommend!,Positive
862,Gap,Very disappointed with Gap. Their products didn't meet my expectations.,Negative
341,Under Armour,I would not recommend Under Armour to anyone. Very dissatisfied with my experience.,Negative
432,Puma,Great quality products from Puma. Highly recommend!,Positive
552,Reebok,Very disappointed with Reebok. Their products didn't meet my expectations.,Negative
834,Gap,Great quality products from Gap. Highly recommend!,Positive
204,Levi's,Great quality products from Levi's. Highly recommend!,Positive
631,H&M,I absolutely love H&M! Their products are always top-notch.,Positive
94,Nike,Nike never disappoints. I'm always satisfied with my purchases.,Positive
559,Reebok,Poor quality products from Reebok. I regret buying from them.,Negative
69,Nike,Nike is my go-to for trendy and comfortable clothing.,Positive
623,H&M,"I had high hopes for H&M, but I was let down by the poor quality.",Negative
285,Levi's,Levi's is my go-to for trendy and comfortable clothing.,Positive
845,Gap,Gap needs to improve their quality control. Too many issues with my purchase.,Negative
435,Puma,I absolutely love Puma! Their products are always top-notch.,Positive
154,Adidas,Adidas never disappoints. I'm always satisfied with my purchases.,Positive
76,Nike,Poor quality products from Nike. I regret buying from them.,Negative
731,Zara,"I had high hopes for Zara, but I was let down by the poor quality.",Negative
447,Puma,Poor quality products from Puma. I regret buying from them.,Negative
189,Adidas,Adidas never disappoints. I'm always satisfied with my purchases.,Positive
272,Levi's,Very disappointed with Levi's. Their products didn't meet my expectations.,Negative
237,Levi's,Poor quality products from Levi's. I regret buying from them.,Negative
488,Puma,Puma is my go-to for trendy and comfortable clothing.,Positive
118,Adidas,Adidas needs to improve their quality control. Too many issues with my purchase.,Negative
944,Tommy Hilfiger,Poor quality products from Tommy Hilfiger. I regret buying from them.,Negative
513,Reebok,Reebok needs to improve their quality control. Too many issues with my purchase.,Negative
826,Gap,"I had high hopes for Gap, but I was let down by the poor quality.",Negative
592,Reebok,I would not recommend Reebok to anyone. Very dissatisfied with my experience.,Negative
127,Adidas,Adidas needs to improve their quality control. Too many issues with my purchase.,Negative
117,Adidas,Adidas is my go-to for trendy and comfortable clothing.,Positive
474,Puma,I would not recommend Puma to anyone. Very dissatisfied with my experience.,Negative
694,H&M,I'm impressed with H&M. Their customer service is excellent!,Positive
58,Nike,I'm impressed with Nike. Their customer service is excellent!,Positive
864,Gap,I'm impressed with Gap. Their customer service is excellent!,Positive
913,Tommy Hilfiger,Tommy Hilfiger needs to improve their quality control. Too many issues with my purchase.,Negative
370,Under Armour,I absolutely love Under Armour! Their products are always top-notch.,Positive
269,Levi's,"I had high hopes for Levi's, but I was let down by the poor quality.",Negative
47,Nike,Poor quality products from Nike. I regret buying from them.,Negative
350,Under Armour,I would not recommend Under Armour to anyone. Very dissatisfied with my experience.,Negative
196,Adidas,I'm impressed with Adidas. Their customer service is excellent!,Positive
1000,Tommy Hilfiger,I'm impressed with Tommy Hilfiger. Their customer service is excellent!,Positive
835,Gap,Poor quality products from Gap. I regret buying from them.,Negative
737,Zara,Very disappointed with Zara. Their products didn't meet my expectations.,Negative
264,Levi's,I would not recommend Levi's to anyone. Very dissatisfied with my experience.,Negative
444,Puma,Great quality products from Puma. Highly recommend!,Positive
676,H&M,I'm impressed with H&M. Their customer service is excellent!,Positive
305,Under Armour,I absolutely love Under Armour! Their products are always top-notch.,Positive
342,Under Armour,"I had high hopes for Under Armour, but I was let down by the poor quality.",Negative
967,Tommy Hilfiger,"I had high hopes for Tommy Hilfiger, but I was let down by the poor quality.",Negative
150,Adidas,I absolutely love Adidas! Their products are always top-notch.,Positive
125,Adidas,Adidas needs to improve their quality control. Too many issues with my purchase.,Negative
787,Zara,Very disappointed with Zara. Their products didn't meet my expectations.,Negative
51,Nike,Nike needs to improve their quality control. Too many issues with my purchase.,Negative
354,Under Armour,"I had high hopes for Under Armour, but I was let down by the poor quality.",Negative
928,Tommy Hilfiger,Tommy Hilfiger needs to improve their quality control. Too many issues with my purchase.,Negative
143,Adidas,Great quality products from Adidas. Highly recommend!,Positive
471,Puma,"I had high hopes for Puma, but I was let down by the poor quality.",Negative
400,Under Armour,I would not recommend Under Armour to anyone. Very dissatisfied with my experience.,Negative
626,H&M,I absolutely love H&M! Their products are always top-notch.,Positive
321,Under Armour,Under Armour needs to improve their quality control. Too many issues with my purchase.,Negative
20,Nike,Nike never disappoints. I'm always satisfied with my purchases.,Positive
810,Gap,Gap needs to improve their quality control. Too many issues with my purchase.,Negative
791,Zara,I would not recommend Zara to anyone. Very dissatisfied with my experience.,Negative
809,Gap,Poor quality products from Gap. I regret buying from them.,Negative
408,Puma,I absolutely love Puma! Their products are always top-notch.,Positive
538,Reebok,Poor quality products from Reebok. I regret buying from them.,Negative
621,H&M,H&M needs to improve their quality control. Too many issues with my purchase.,Negative
39,Nike,Very disappointed with Nike. Their products didn't meet my expectations.,Negative
176,Adidas,I absolutely love Adidas! Their products are always top-notch.,Positive
246,Levi's,Poor quality products from Levi's. I regret buying from them.,Negative
829,Gap,Great quality products from Gap. Highly recommend!,Positive
668,H&M,Poor quality products from H&M. I regret buying from them.,Negative
755,Zara,I would not recommend Zara to anyone. Very dissatisfied with my experience.,Negative
859,Gap,I would not recommend Gap to anyone. Very dissatisfied with my experience.,Negative
155,Adidas,I would not recommend Adidas to anyone. Very dissatisfied with my experience.,Negative
288,Levi's,Levi's never disappoints. I'm always satisfied with my purchases.,Positive
603,H&M,Poor quality products from H&M. I regret buying from them.,Negative
570,Reebok,Reebok needs to improve their quality control. Too many issues with my purchase.,Negative
744,Zara,I would not recommend Zara to anyone. Very dissatisfied with my experience.,Negative
18,Nike,"I had high hopes for Nike, but I was let down by the poor quality.",Negative
128,Adidas,Very disappointed with Adidas. Their products didn't meet my expectations.,Negative
323,Under Armour,Very disappointed with Under Armour. Their products didn't meet my expectations.,Negative
256,Levi's,I would not recommend Levi's to anyone. Very dissatisfied with my experience.,Negative
658,H&M,H&M needs to improve their quality control. Too many issues with my purchase.,Negative
965,Tommy Hilfiger,I would not recommend Tommy Hilfiger to anyone. Very dissatisfied with my experience.,Negative
191,Adidas,I would not recommend Adidas to anyone. Very dissatisfied with my experience.,Negative
116,Adidas,Poor quality products from Adidas. I regret buying from them.,Negative
617,H&M,H&M needs to improve their quality control. Too many issues with my purchase.,Negative
607,H&M,Poor quality products from H&M. I regret buying from them.,Negative
181,Adidas,Adidas is my go-to for trendy and comfortable clothing.,Positive
302,Under Armour,Poor quality products from Under Armour. I regret buying from them.,Negative
760,Zara,Zara is my go-to for trendy and comfortable clothing.,Positive
713,Zara,Very disappointed with Zara. Their products didn't meet my expectations.,Negative
724,Zara,I would not recommend Zara to anyone. Very dissatisfied with my experience.,Negative
686,H&M,H&M never disappoints. I'm always satisfied with my purchases.,Positive
980,Tommy Hilfiger,Poor quality products from Tommy Hilfiger. I regret buying from them.,Negative
518,Reebok,Reebok needs to improve their quality control. Too many issues with my purchase.,Negative
985,Tommy Hilfiger,Poor quality products from Tommy Hilfiger. I regret buying from them.,Negative
46,Nike,Poor quality products from Nike. I regret buying from them.,Negative
910,Tommy Hilfiger,I absolutely love Tommy Hilfiger! Their products are always top-notch.,Positive
158,Adidas,I would not recommend Adidas to anyone. Very dissatisfied with my experience.,Negative
852,Gap,Gap needs to improve their quality control. Too many issues with my purchase.,Negative
172,Adidas,Adidas is my go-to for trendy and comfortable clothing.,Positive
17,Nike,I'm impressed with Nike. Their customer service is excellent!,Positive
512,Reebok,I absolutely love Reebok! Their products are always top-notch.,Positive
49,Nike,I would not recommend Nike to anyone. Very dissatisfied with my experience.,Negative
972,Tommy Hilfiger,I would not recommend Tommy Hilfiger to anyone. Very dissatisfied with my experience.,Negative
941,Tommy Hilfiger,"I had high hopes for Tommy Hilfiger, but I was let down by the poor quality.",Negative
516,Reebok,I'm impressed with Reebok. Their customer service is excellent!,Positive
953,Tommy Hilfiger,Tommy Hilfiger needs to improve their quality control. Too many issues with my purchase.,Negative
481,Puma,Puma is my go-to for trendy and comfortable clothing.,Positive
284,Levi's,Very disappointed with Levi's. Their products didn't meet my expectations.,Negative
719,Zara,"I had high hopes for Zara, but I was let down by the poor quality.",Negative
878,Gap,I would not recommend Gap to anyone. Very dissatisfied with my experience.,Negative
226,Levi's,I would not recommend Levi's to anyone. Very dissatisfied with my experience.,Negative
27,Nike,Very disappointed with Nike. Their products didn't meet my expectations.,Negative
955,Tommy Hilfiger,Tommy Hilfiger needs to improve their quality control. Too many issues with my purchase.,Negative
438,Puma,I would not recommend Puma to anyone. Very dissatisfied with my experience.,Negative
952,Tommy Hilfiger,"I had high hopes for Tommy Hilfiger, but I was let down by the poor quality.",Negative
365,Under Armour,Under Armour never disappoints. I'm always satisfied with my purchases.,Positive
230,Levi's,I would not recommend Levi's to anyone. Very dissatisfied with my experience.,Negative
38,Nike,I'm impressed with Nike. Their customer service is excellent!,Positive
966,Tommy Hilfiger,I'm impressed with Tommy Hilfiger. Their customer service is excellent!,Positive
375,Under Armour,I'm impressed with Under Armour. Their customer service is excellent!,Positive
470,Puma,I would not recommend Puma to anyone. Very dissatisfied with my experience.,Negative
968,Tommy Hilfiger,Tommy Hilfiger needs to improve their quality control. Too many issues with my purchase.,Negative
851,Gap,I would not recommend Gap to anyone. Very dissatisfied with my experience.,Negative
705,Zara,Zara is my go-to for trendy and comfortable clothing.,Positive
842,Gap,Great quality products from Gap. Highly recommend!,Positive
195,Adidas,Great quality products from Adidas. Highly recommend!,Positive
855,Gap,Great quality products from Gap. Highly recommend!,Positive
865,Gap,I would not recommend Gap to anyone. Very dissatisfied with my experience.,Negative
504,Reebok,I'm impressed with Reebok. Their customer service is excellent!,Positive
970,Tommy Hilfiger,Tommy Hilfiger needs to improve their quality control. Too many issues with my purchase.,Negative
831,Gap,I would not recommend Gap to anyone. Very dissatisfied with my experience.,Negative
580,Reebok,Poor quality products from Reebok. I regret buying from them.,Negative
969,Tommy Hilfiger,Great quality products from Tommy Hilfiger. Highly recommend!,Positive
163,Adidas,Poor quality products from Adidas. I regret buying from them.,Negative
909,Tommy Hilfiger,Tommy Hilfiger is my go-to for trendy and comfortable clothing.,Positive
153,Adidas,Very disappointed with Adidas. Their products didn't meet my expectations.,Negative
802,Gap,I'm impressed with Gap. Their customer service is excellent!,Positive
994,Tommy Hilfiger,Tommy Hilfiger needs to improve their quality control. Too many issues with my purchase.,Negative
756,Zara,Zara never disappoints. I'm always satisfied with my purchases.,Positive
112,Adidas,Adidas never disappoints. I'm always satisfied with my purchases.,Positive
227,Levi's,I absolutely love Levi's! Their products are always top-notch.,Positive
689,H&M,"I had high hopes for H&M, but I was let down by the poor quality.",Negative
104,Adidas,"I had high hopes for Adidas, but I was let down by the poor quality.",Negative
422,Puma,Puma needs to improve their quality control. Too many issues with my purchase.,Negative
420,Puma,"I had high hopes for Puma, but I was let down by the poor quality.",Negative
751,Zara,Zara is my go-to for trendy and comfortable clothing.,Positive
587,Reebok,Great quality products from Reebok. Highly recommend!,Positive
781,Zara,I would not recommend Zara to anyone. Very dissatisfied with my experience.,Negative
673,H&M,H&M needs to improve their quality control. Too many issues with my purchase.,Negative
120,Adidas,Adidas is my go-to for trendy and comfortable clothing.,Positive
54,Nike,Nike is my go-to for trendy and comfortable clothing.,Positive
152,Adidas,I'm impressed with Adidas. Their customer service is excellent!,Positive
404,Puma,"I had high hopes for Puma, but I was let down by the poor quality.",Negative
946,Tommy Hilfiger,Poor quality products from Tommy Hilfiger. I regret buying from them.,Negative
208,Levi's,I'm impressed with Levi's. Their customer service is excellent!,Positive
659,H&M,H&M needs to improve their quality control. Too many issues with my purchase.,Negative
844,Gap,"I had high hopes for Gap, but I was let down by the poor quality.",Negative
763,Zara,I absolutely love Zara! Their products are always top-notch.,Positive
9,Nike,I would not recommend Nike to anyone. Very dissatisfied with my experience.,Negative
808,Gap,I absolutely love Gap! Their products are always top-notch.,Positive
37,Nike,I absolutely love Nike! Their products are always top-notch.,Positive
453,Puma,I absolutely love Puma! Their products are always top-notch.,Positive
652,H&M,Great quality products from H&M. Highly recommend!,Positive
254,Levi's,I would not recommend Levi's to anyone. Very dissatisfied with my experience.,Negative
304,Under Armour,Great quality products from Under Armour. Highly recommend!,Positive
747,Zara,"I had high hopes for Zara, but I was let down by the poor quality.",Negative
572,Reebok,Poor quality products from Reebok. I regret buying from them.,Negative
624,H&M,I absolutely love H&M! Their products are always top-notch.,Positive
733,Zara,Very disappointed with Zara. Their products didn't meet my expectations.,Negative
892,Gap,Great quality products from Gap. Highly recommend!,Positive
263,Levi's,Levi's never disappoints. I'm always satisfied with my purchases.,Positive
611,H&M,H&M never disappoints. I'm always satisfied with my purchases.,Positive
298,Levi's,"I had high hopes for Levi's, but I was let down by the poor quality.",Negative
415,Puma,Puma never disappoints. I'm always satisfied with my purchases.,Positive
151,Adidas,Great quality products from Adidas. Highly recommend!,Positive
789,Zara,Zara never disappoints. I'm always satisfied with my purchases.,Positive
641,H&M,H&M is my go-to for trendy and comfortable clothing.,Positive
890,Gap,Gap needs to improve their quality control. Too many issues with my purchase.,Negative
551,Reebok,I would not recommend Reebok to anyone. Very dissatisfied with my experience.,Negative
887,Gap,"I had high hopes for Gap, but I was let down by the poor quality.",Negative
489,Puma,Puma needs to improve their quality control. Too many issues with my purchase.,Negative
148,Adidas,I would not recommend Adidas to anyone. Very dissatisfied with my experience.,Negative
147,Adidas,Adidas needs to improve their quality control. Too many issues with my purchase.,Negative
721,Zara,I'm impressed with Zara. Their customer service is excellent!,Positive
932,Tommy Hilfiger,"I had high hopes for Tommy Hilfiger, but I was let down by the poor quality.",Negative
740,Zara,Zara needs to improve their quality control. Too many issues with my purchase.,Negative
660,H&M,Great quality products from H&M. Highly recommend!,Positive
349,Under Armour,I absolutely love Under Armour! Their products are always top-notch.,Positive
464,Puma,I would not recommend Puma to anyone. Very dissatisfied with my experience.,Negative
326,Under Armour,Under Armour needs to improve their quality control. Too many issues with my purchase.,Negative
187,Adidas,Very disappointed with Adidas. Their products didn't meet my expectations.,Negative
124,Adidas,Great quality products from Adidas. Highly recommend!,Positive
854,Gap,Poor quality products from Gap. I regret buying from them.,Negative
609,H&M,I would not recommend H&M to anyone. Very dissatisfied with my experience.,Negative
144,Adidas,Very disappointed with Adidas. Their products didn't meet my expectations.,Negative
959,Tommy Hilfiger,I absolutely love Tommy Hilfiger! Their products are always top-notch.,Positive
198,Adidas,I would not recommend Adidas to anyone. Very dissatisfied with my experience.,Negative
610,H&M,H&M needs to improve their quality control. Too many issues with my purchase.,Negative
280,Levi's,Levi's is my go-to for trendy and comfortable clothing.,Positive
294,Levi's,"I had high hopes for Levi's, but I was let down by the poor quality.",Negative
401,Puma,Puma needs to improve their quality control. Too many issues with my purchase.,Negative
123,Adidas,Very disappointed with Adidas. Their products didn't meet my expectations.,Negative
184,Adidas,Adidas is my go-to for trendy and comfortable clothing.,Positive
203,Levi's,"I had high hopes for Levi's, but I was let down by the poor quality.",Negative
439,Puma,Puma never disappoints. I'm always satisfied with my purchases.,Positive
247,Levi's,Very disappointed with Levi's. Their products didn't meet my expectations.,Negative
416,Puma,I'm impressed with Puma. Their customer service is excellent!,Positive
933,Tommy Hilfiger,Very disappointed with Tommy Hilfiger. Their products didn't meet my expectations.,Negative
766,Zara,Zara needs to improve their quality control. Too many issues with my purchase.,Negative
907,Tommy Hilfiger,Great quality products from Tommy Hilfiger. Highly recommend!,Positive
836,Gap,I absolutely love Gap! Their products are always top-notch.,Positive
888,Gap,I absolutely love Gap! Their products are always top-notch.,Positive
130,Adidas,"I had high hopes for Adidas, but I was let down by the poor quality.",Negative
638,H&M,Great quality products from H&M. Highly recommend!,Positive
403,Puma,I would not recommend Puma to anyone. Very dissatisfied with my experience.,Negative
785,Zara,Very disappointed with Zara. Their products didn't meet my expectations.,Negative
771,Zara,I absolutely love Zara! Their products are always top-notch.,Positive
736,Zara,I would not recommend Zara to anyone. Very dissatisfied with my experience.,Negative
914,Tommy Hilfiger,I'm impressed with Tommy Hilfiger. Their customer service is excellent!,Positive
220,Levi's,I'm impressed with Levi's. Their customer service is excellent!,Positive
642,H&M,I would not recommend H&M to anyone. Very dissatisfied with my experience.,Negative
916,Tommy Hilfiger,Tommy Hilfiger never disappoints. I'm always satisfied with my purchases.,Positive
753,Zara,I absolutely love Zara! Their products are always top-notch.,Positive
807,Gap,I would not recommend Gap to anyone. Very dissatisfied with my experience.,Negative
920,Tommy Hilfiger,I would not recommend Tommy Hilfiger to anyone. Very dissatisfied with my experience.,Negative
625,H&M,I absolutely love H&M! Their products are always top-notch.,Positive
875,Gap,Great quality products from Gap. Highly recommend!,Positive
761,Zara,I absolutely love Zara! Their products are always top-notch.,Positive
387,Under Armour,Poor quality products from Under Armour. I regret buying from them.,Negative
973,Tommy Hilfiger,Tommy Hilfiger never disappoints. I'm always satisfied with my purchases.,Positive
510,Reebok,"I had high hopes for Reebok, but I was let down by the poor quality.",Negative
268,Levi's,I absolutely love Levi's! Their products are always top-notch.,Positive
820,Gap,Gap never disappoints. I'm always satisfied with my purchases.,Positive
442,Puma,I'm impressed with Puma. Their customer service is excellent!,Positive
497,Puma,I would not recommend Puma to anyone. Very dissatisfied with my experience.,Negative
113,Adidas,Adidas needs to improve their quality control. Too many issues with my purchase.,Negative
692,H&M,H&M never disappoints. I'm always satisfied with my purchases.,Positive
233,Levi's,Levi's is my go-to for trendy and comfortable clothing.,Positive
870,Gap,Gap never disappoints. I'm always satisfied with my purchases.,Positive
608,H&M,I would not recommend H&M to anyone. Very dissatisfied with my experience.,Negative
672,H&M,I'm impressed with H&M. Their customer service is excellent!,Positive
374,Under Armour,I'm impressed with Under Armour. Their customer service is excellent!,Positive
982,Tommy Hilfiger,"I had high hopes for Tommy Hilfiger, but I was let down by the poor quality.",Negative
843,Gap,Great quality products from Gap. Highly recommend!,Positive
234,Levi's,Levi's is my go-to for trendy and comfortable clothing.,Positive
786,Zara,Very disappointed with Zara. Their products didn't meet my expectations.,Negative
677,H&M,"I had high hopes for H&M, but I was let down by the poor quality.",Negative
318,Under Armour,Under Armour is my go-to for trendy and comfortable clothing.,Positive
649,H&M,I would not recommend H&M to anyone. Very dissatisfied with my experience.,Negative
411,Puma,I'm impressed with Puma. Their customer service is excellent!,Positive
899,Gap,I absolutely love Gap! Their products are always top-notch.,Positive
710,Zara,Poor quality products from Zara. I regret buying from them.,Negative
359,Under Armour,Great quality products from Under Armour. Highly recommend!,Positive
259,Levi's,Levi's never disappoints. I'm always satisfied with my purchases.,Positive
745,Zara,Zara never disappoints. I'm always satisfied with my purchases.,Positive
628,H&M,H&M needs to improve their quality control. Too many issues with my purchase.,Negative
633,H&M,Great quality products from H&M. Highly recommend!,Positive
283,Levi's,Poor quality products from Levi's. I regret buying from them.,Negative
377,Under Armour,Under Armour is my go-to for trendy and comfortable clothing.,Positive
385,Under Armour,Under Armour is my go-to for trendy and comfortable clothing.,Positive
225,Levi's,I would not recommend Levi's to anyone. Very dissatisfied with my experience.,Negative
954,Tommy Hilfiger,I would not recommend Tommy Hilfiger to anyone. Very dissatisfied with my experience.,Negative
815,Gap,I would not recommend Gap to anyone. Very dissatisfied with my experience.,Negative
473,Puma,Puma is my go-to for trendy and comfortable clothing.,Positive
348,Under Armour,Great quality products from Under Armour. Highly recommend!,Positive
506,Reebok,Reebok is my go-to for trendy and comfortable clothing.,Positive
640,H&M,Great quality products from H&M. Highly recommend!,Positive
988,Tommy Hilfiger,I absolutely love Tommy Hilfiger! Their products are always top-notch.,Positive
929,Tommy Hilfiger,I'm impressed with Tommy Hilfiger. Their customer service is excellent!,Positive
906,Tommy Hilfiger,I would not recommend Tommy Hilfiger to anyone. Very dissatisfied with my experience.,Negative
620,H&M,Poor quality products from H&M. I regret buying from them.,Negative
856,Gap,Very disappointed with Gap. Their products didn't meet my expectations.,Negative
804,Gap,Great quality products from Gap. Highly recommend!,Positive
646,H&M,"I had high hopes for H&M, but I was let down by the poor quality.",Negative
847,Gap,Gap never disappoints. I'm always satisfied with my purchases.,Positive
557,Reebok,Poor quality products from Reebok. I regret buying from them.,Negative
958,Tommy Hilfiger,Very disappointed with Tommy Hilfiger. Their products didn't meet my expectations.,Negative
578,Reebok,Very disappointed with Reebok. Their products didn't meet my expectations.,Negative
796,Zara,I absolutely love Zara! Their products are always top-notch.,Positive
86,Nike,Nike is my go-to for trendy and comfortable clothing.,Positive
243,Levi's,I'm impressed with Levi's. Their customer service is excellent!,Positive
699,H&M,I absolutely love H&M! Their products are always top-notch.,Positive
160,Adidas,Adidas never disappoints. I'm always satisfied with my purchases.,Positive
525,Reebok,"I had high hopes for Reebok, but I was let down by the poor quality.",Negative
36,Nike,Great quality products from Nike. Highly recommend!,Positive
541,Reebok,I'm impressed with Reebok. Their customer service is excellent!,Positive
171,Adidas,"I had high hopes for Adidas, but I was let down by the poor quality.",Negative
655,H&M,H&M never disappoints. I'm always satisfied with my purchases.,Positive
891,Gap,Gap needs to improve their quality control. Too many issues with my purchase.,Negative
858,Gap,Poor quality products from Gap. I regret buying from them.,Negative
848,Gap,Gap is my go-to for trendy and comfortable clothing.,Positive
945,Tommy Hilfiger,Tommy Hilfiger is my go-to for trendy and comfortable clothing.,Positive
734,Zara,Zara needs to improve their quality control. Too many issues with my purchase.,Negative
96,Nike,Nike is my go-to for trendy and comfortable clothing.,Positive
564,Reebok,Reebok needs to improve their quality control. Too many issues with my purchase.,Negative
241,Levi's,Poor quality products from Levi's. I regret buying from them.,Negative
743,Zara,Zara is my go-to for trendy and comfortable clothing.,Positive
575,Reebok,Very disappointed with Reebok. Their products didn't meet my expectations.,Negative
691,H&M,H&M is my go-to for trendy and comfortable clothing.,Positive
461,Puma,I would not recommend Puma to anyone. Very dissatisfied with my experience.,Negative
554,Reebok,Great quality products from Reebok. Highly recommend!,Positive
889,Gap,Great quality products from Gap. Highly recommend!,Positive
207,Levi's,I'm impressed with Levi's. Their customer service is excellent!,Positive
393,Under Armour,Under Armour never disappoints. I'm always satisfied with my purchases.,Positive
795,Zara,"I had high hopes for Zara, but I was let down by the poor quality.",Negative
398,Under Armour,Great quality products from Under Armour. Highly recommend!,Positive
767,Zara,Very disappointed with Zara. Their products didn't meet my expectations.,Negative
849,Gap,Poor quality products from Gap. I regret buying from them.,Negative
218,Levi's,Levi's needs to improve their quality control. Too many issues with my purchase.,Negative
5,Nike,"I had high hopes for Nike, but I was let down by the poor quality.",Negative
769,Zara,Zara needs to improve their quality control. Too many issues with my purchase.,Negative
643,H&M,H&M is my go-to for trendy and comfortable clothing.,Positive
930,Tommy Hilfiger,Poor quality products from Tommy Hilfiger. I regret buying from them.,Negative
613,H&M,Great quality products from H&M. Highly recommend!,Positive
739,Zara,I absolutely love Zara! Their products are always top-notch.,Positive
547,Reebok,I would not recommend Reebok to anyone. Very dissatisfied with my experience.,Negative
726,Zara,Zara needs to improve their quality control. Too many issues with my purchase.,Negative
684,H&M,I would not recommend H&M to anyone. Very dissatisfied with my experience.,Negative
99,Nike,Nike never disappoints. I'm always satisfied with my purchases.,Positive
805,Gap,Great quality products from Gap. Highly recommend!,Positive
728,Zara,I'm impressed with Zara. Their customer service is excellent!,Positive
574,Reebok,I'm impressed with Reebok. Their customer service is excellent!,Positive
407,Puma,Very disappointed with Puma. Their products didn't meet my expectations.,Negative
503,Reebok,I'm impressed with Reebok. Their customer service is excellent!,Positive
48,Nike,Very disappointed with Nike. Their products didn't meet my expectations.,Negative
33,Nike,Great quality products from Nike. Highly recommend!,Positive
780,Zara,Very disappointed with Zara. Their products didn't meet my expectations.,Negative
840,Gap,Very disappointed with Gap. Their products didn't meet my expectations.,Negative
201,Levi's,Levi's needs to improve their quality control. Too many issues with my purchase.,Negative
135,Adidas,Adidas never disappoints. I'm always satisfied with my purchases.,Positive
28,Nike,"I had high hopes for Nike, but I was let down by the poor quality.",Negative
881,Gap,Great quality products from Gap. Highly recommend!,Positive
231,Levi's,Levi's needs to improve their quality control. Too many issues with my purchase.,Negative
490,Puma,Poor quality products from Puma. I regret buying from them.,Negative
773,Zara,"I had high hopes for Zara, but I was let down by the poor quality.",Negative
379,Under Armour,Great quality products from Under Armour. Highly recommend!,Positive
289,Levi's,I absolutely love Levi's! Their products are always top-notch.,Positive
419,Puma,Puma is my go-to for trendy and comfortable clothing.,Positive
675,H&M,Very disappointed with H&M. Their products didn't meet my expectations.,Negative
392,Under Armour,Under Armour is my go-to for trendy and comfortable clothing.,Positive
593,Reebok,Poor quality products from Reebok. I regret buying from them.,Negative
499,Puma,Puma never disappoints. I'm always satisfied with my purchases.,Positive
139,Adidas,I absolutely love Adidas! Their products are always top-notch.,Positive
63,Nike,Nike is my go-to for trendy and comfortable clothing.,Positive
472,Puma,Very disappointed with Puma. Their products didn't meet my expectations.,Negative
648,H&M,Poor quality products from H&M. I regret buying from them.,Negative
129,Adidas,Very disappointed with Adidas. Their products didn't meet my expectations.,Negative
977,Tommy Hilfiger,I absolutely love Tommy Hilfiger! Their products are always top-notch.,Positive
521,Reebok,I would not recommend Reebok to anyone. Very dissatisfied with my experience.,Negative
839,Gap,Gap never disappoints. I'm always satisfied with my purchases.,Positive
963,Tommy Hilfiger,I absolutely love Tommy Hilfiger! Their products are always top-notch.,Positive
65,Nike,Nike needs to improve their quality control. Too many issues with my purchase.,Negative
813,Gap,Gap needs to improve their quality control. Too many issues with my purchase.,Negative
15,Nike,Nike never disappoints. I'm always satisfied with my purchases.,Positive
157,Adidas,"I had high hopes for Adidas, but I was let down by the poor quality.",Negative
41,Nike,Poor quality products from Nike. I regret buying from them.,Negative
493,Puma,Very disappointed with Puma. Their products didn't meet my expectations.,Negative
380,Under Armour,I would not recommend Under Armour to anyone. Very dissatisfied with my experience.,Negative
188,Adidas,Great quality products from Adidas. Highly recommend!,Positive
764,Zara,Very disappointed with Zara. Their products didn't meet my expectations.,Negative
217,Levi's,I would not recommend Levi's to anyone. Very dissatisfied with my experience.,Negative
792,Zara,Zara is my go-to for trendy and comfortable clothing.,Positive
53,Nike,"I had high hopes for Nike, but I was let down by the poor quality.",Negative
879,Gap,Gap is my go-to for trendy and comfortable clothing.,Positive
338,Under Armour,Under Armour needs to improve their quality control. Too many issues with my purchase.,Negative
749,Zara,Zara is my go-to for trendy and comfortable clothing.,Positive
720,Zara,I would not recommend Zara to anyone. Very dissatisfied with my experience.,Negative
725,Zara,I absolutely love Zara! Their products are always top-notch.,Positive
296,Levi's,Levi's never disappoints. I'm always satisfied with my purchases.,Positive
702,Zara,"I had high hopes for Zara, but I was let down by the poor quality.",Negative
252,Levi's,Levi's is my go-to for trendy and comfortable clothing.,Positive
727,Zara,Zara is my go-to for trendy and comfortable clothing.,Positive
462,Puma,"I had high hopes for Puma, but I was let down by the poor quality.",Negative
456,Puma,Puma never disappoints. I'm always satisfied with my purchases.,Positive
997,Tommy Hilfiger,"I had high hopes for Tommy Hilfiger, but I was let down by the poor quality.",Negative
816,Gap,Gap needs to improve their quality control. Too many issues with my purchase.,Negative
863,Gap,I would not recommend Gap to anyone. Very dissatisfied with my experience.,Negative
270,Levi's,Levi's needs to improve their quality control. Too many issues with my purchase.,Negative
202,Levi's,Levi's is my go-to for trendy and comfortable clothing.,Positive
162,Adidas,Adidas needs to improve their quality control. Too many issues with my purchase.,Negative
556,Reebok,Reebok is my go-to for trendy and comfortable clothing.,Positive
730,Zara,Zara is my go-to for trendy and comfortable clothing.,Positive
402,Puma,Poor quality products from Puma. I regret buying from them.,Negative
703,Zara,Great quality products from Zara. Highly recommend!,Positive
477,Puma,"I had high hopes for Puma, but I was let down by the poor quality.",Negative
822,Gap,I would not recommend Gap to anyone. Very dissatisfied with my experience.,Negative
772,Zara,Very disappointed with Zara. Their products didn't meet my expectations.,Negative
106,Adidas,I'm impressed with Adidas. Their customer service is excellent!,Positive
566,Reebok,"I had high hopes for Reebok, but I was let down by the poor quality.",Negative
390,Under Armour,Poor quality products from Under Armour. I regret buying from them.,Negative
2,Nike,Nike needs to improve their quality control. Too many issues with my purchase.,Negative
938,Tommy Hilfiger,I absolutely love Tommy Hilfiger! Their products are always top-notch.,Positive
983,Tommy Hilfiger,"I had high hopes for Tommy Hilfiger, but I was let down by the poor quality.",Negative
562,Reebok,I absolutely love Reebok! Their products are always top-notch.,Positive
81,Nike,Poor quality products from Nike. I regret buying from them.,Negative
206,Levi's,I would not recommend Levi's to anyone. Very dissatisfied with my experience.,Negative
35,Nike,Very disappointed with Nike. Their products didn't meet my expectations.,Negative
776,Zara,Great quality products from Zara. Highly recommend!,Positive
509,Reebok,"I had high hopes for Reebok, but I was let down by the poor quality.",Negative
428,Puma,Puma is my go-to for trendy and comfortable clothing.,Positive
455,Puma,Puma needs to improve their quality control. Too many issues with my purchase.,Negative
367,Under Armour,I absolutely love Under Armour! Their products are always top-notch.,Positive
92,Nike,Very disappointed with Nike. Their products didn't meet my expectations.,Negative
340,Under Armour,"I had high hopes for Under Armour, but I was let down by the poor quality.",Negative
898,Gap,"I had high hopes for Gap, but I was let down by the poor quality.",Negative
565,Reebok,Very disappointed with Reebok. Their products didn't meet my expectations.,Negative
346,Under Armour,Very disappointed with Under Armour. Their products didn't meet my expectations.,Negative
777,Zara,Poor quality products from Zara. I regret buying from them.,Negative
242,Levi's,Poor quality products from Levi's. I regret buying from them.,Negative
14,Nike,Nike needs to improve their quality control. Too many issues with my purchase.,Negative
316,Under Armour,I'm impressed with Under Armour. Their customer service is excellent!,Positive
601,H&M,I absolutely love H&M! Their products are always top-notch.,Positive
388,Under Armour,Poor quality products from Under Armour. I regret buying from them.,Negative
274,Levi's,I absolutely love Levi's! Their products are always top-notch.,Positive
167,Adidas,I absolutely love Adidas! Their products are always top-notch.,Positive
841,Gap,I would not recommend Gap to anyone. Very dissatisfied with my experience.,Negative
993,Tommy Hilfiger,Poor quality products from Tommy Hilfiger. I regret buying from them.,Negative
647,H&M,H&M is my go-to for trendy and comfortable clothing.,Positive
819,Gap,Gap never disappoints. I'm always satisfied with my purchases.,Positive
485,Puma,I'm impressed with Puma. Their customer service is excellent!,Positive
981,Tommy Hilfiger,I absolutely love Tommy Hilfiger! Their products are always top-notch.,Positive
505,Reebok,Poor quality products from Reebok. I regret buying from them.,Negative
832,Gap,I would not recommend Gap to anyone. Very dissatisfied with my experience.,Negative
244,Levi's,I absolutely love Levi's! Their products are always top-notch.,Positive
567,Reebok,"I had high hopes for Reebok, but I was let down by the poor quality.",Negative
876,Gap,Gap never disappoints. I'm always satisfied with my purchases.,Positive
563,Reebok,Very disappointed with Reebok. Their products didn't meet my expectations.,Negative
687,H&M,I would not recommend H&M to anyone. Very dissatisfied with my experience.,Negative
190,Adidas,Very disappointed with Adidas. Their products didn't meet my expectations.,Negative
783,Zara,I'm impressed with Zara. Their customer service is excellent!,Positive
700,H&M,I absolutely love H&M! Their products are always top-notch.,Positive
476,Puma,Puma is my go-to for trendy and comfortable clothing.,Positive
682,H&M,Very disappointed with H&M. Their products didn't meet my expectations.,Negative
511,Reebok,I would not recommend Reebok to anyone. Very dissatisfied with my experience.,Negative
59,Nike,Nike is my go-to for trendy and comfortable clothing.,Positive
475,Puma,Poor quality products from Puma. I regret buying from them.,Negative
561,Reebok,I absolutely love Reebok! Their products are always top-notch.,Positive
857,Gap,Great quality products from Gap. Highly recommend!,Positive
748,Zara,"I had high hopes for Zara, but I was let down by the poor quality.",Negative
253,Levi's,Poor quality products from Levi's. I regret buying from them.,Negative
22,Nike,Nike is my go-to for trendy and comfortable clothing.,Positive
314,Under Armour,I would not recommend Under Armour to anyone. Very dissatisfied with my experience.,Negative
460,Puma,Puma never disappoints. I'm always satisfied with my purchases.,Positive
161,Adidas,Adidas never disappoints. I'm always satisfied with my purchases.,Positive
277,Levi's,Poor quality products from Levi's. I regret buying from them.,Negative
956,Tommy Hilfiger,I would not recommend Tommy Hilfiger to anyone. Very dissatisfied with my experience.,Negative
192,Adidas,Poor quality products from Adidas. I regret buying from them.,Negative
386,Under Armour,I would not recommend Under Armour to anyone. Very dissatisfied with my experience.,Negative
806,Gap,Great quality products from Gap. Highly recommend!,Positive
414,Puma,Puma never disappoints. I'm always satisfied with my purchases.,Positive
492,Puma,"I had high hopes for Puma, but I was let down by the poor quality.",Negative
344,Under Armour,I absolutely love Under Armour! Their products are always top-notch.,Positive
770,Zara,I'm impressed with Zara. Their customer service is excellent!,Positive
309,Under Armour,Under Armour needs to improve their quality control. Too many issues with my purchase.,Negative
662,H&M,Very disappointed with H&M. Their products didn't meet my expectations.,Negative
131,Adidas,Adidas needs to improve their quality control. Too many issues with my purchase.,Negative
664,H&M,"I had high hopes for H&M, but I was let down by the poor quality.",Negative
872,Gap,Gap needs to improve their quality control. Too many issues with my purchase.,Negative
100,Nike,Nike is my go-to for trendy and comfortable clothing.,Positive
373,Under Armour,I absolutely love Under Armour! Their products are always top-notch.,Positive
88,Nike,Nike needs to improve their quality control. Too many issues with my purchase.,Negative
459,Puma,Poor quality products from Puma. I regret buying from them.,Negative
331,Under Armour,Very disappointed with Under Armour. Their products didn't meet my expectations.,Negative
215,Levi's,Levi's needs to improve their quality control. Too many issues with my purchase.,Negative
467,Puma,Puma is my go-to for trendy and comfortable clothing.,Positive
122,Adidas,I'm impressed with Adidas. Their customer service is excellent!,Positive
615,H&M,I absolutely love H&M! Their products are always top-notch.,Positive
21,Nike,Very disappointed with Nike. Their products didn't meet my expectations.,Negative
701,Zara,I would not recommend Zara to anyone. Very dissatisfied with my experience.,Negative
72,Nike,I would not recommend Nike to anyone. Very dissatisfied with my experience.,Negative
107,Adidas,Poor quality products from Adidas. I regret buying from them.,Negative
271,Levi's,Levi's needs to improve their quality control. Too many issues with my purchase.,Negative
861,Gap,I would not recommend Gap to anyone. Very dissatisfied with my experience.,Negative
436,Puma,I absolutely love Puma! Their products are always top-notch.,Positive
103,Adidas,Poor quality products from Adidas. I regret buying from them.,Negative
